FI039SH154AFTH,FILA
BI145AP729ACTH,BILLABONG
BI145SH260AETH,BILLABONG
JO058SP03HYWTH,JOHNSON
FI039SH155AFTH,FILA
NI083SH896AFTH,NIKE
BI145AP731ACTH,BILLABONG
BI145AP730ACTH,BILLABONG
AD001SH514ACTH,ADIDAS
GR047SP208AFTH,GRANDLITE 
NI083AC276ADTH,NIKE
GS048SP809AETH,Gsports
AD001AP756ADTH,ADIDAS
GS048SP799AETH,Gsports
NE081SH213ADTH,NEW BALANCE
NB081SH870ACTH,NEW BALANCE
NI083SH304ADTH,NIKE 
SK108SH356AETH,SKECHERS
AD001SH959ADTH,ADIDAS
NI083SH127ABTH,NIKE
NB081SH780ACTH,NEW BALANCE
NI083SH681AETH,NIKE
SA103SH03L36TH,SALOMON
AD001SH571ADTH,ADIDAS
NI083SH470ADTH,NIKE
UN127AP139ADTH, UNDER ARMOUR
NI083AP031AATH,NIKE 
NI083SH493ADTH,NIKE 
FI039AP981ABTH,FILA
UN127AP144ADTH, UNDER ARMOUR
UN127AP140ADTH, UNDER ARMOUR
AD001AP692ACTH,ADIDAS
NI083AP430ABTH,NIKE 
NI083AP872ADTH,NIKE 
NE081SH299AETH,NIKE 
AD001SH777AFTH,ADIDAS
UM126SH215ADTH,UMBRO
UM126SH03SPTTH,Speciali Eternal Premier TF
NI083SH034ADTH,NIKE 
AD001SH972ACTH,ADIDAS
UM126SH160ADTH,UMBRO
AD001SH965ACTH,ADIDAS
PA092SH028PTTH,PAN Super Star
NE081SH302AETH,NIKE 
AD001SH793ABTH,ADIDAS
LF068AP158AETH,LFC
WA133AP260AFTH,WARRIX
AD001AP397ABTH,ADIDAS
PU097AP03TAQTH,PUMA 
FC144AP663ABTH,FCB 
AD001AP456ACTH,ADIDAS
AD001AP03GCVTH,ADIDAS
KE063AP034VXTH,KELA SPORT
NI083AP895AATH,NIKE 
AD001SH964ADTH,ADIDAS
AD001SH528ACTH,ADIDAS
FI039AP113ABTH,UMBRO
AD001SH523ACTH,ADIDAS
AD001SH520ACTH,ADIDAS
UM126AC002ABTH,UMBRO
LF068AC593ABTH,LFC
AD001SH944ADTH,ADIDAS
AD001SH03SOITH,ADIDAS
CR024SH02D66TH,CROCS
CR024SH031YQTH,CROCS
SR113SP0363BTH,SRIXON
TI124SP00SIBTH,TITLEIST
TA118SP02XXZTH,TAYLORMADE
TI124SP02OY7TH,TITLEIST
FO041SP03UY1TH,FOOTJOY
FO041SP03UY2TH,FOOTJOY
FO041SP03UY3TH,FOOTJOY
PI093AC03UYKTH,PING
PI093AP03UYSTH,PING
PI093AP03UYWTH,PING
PI093AP03UYNTH,PING
CA014SP02QLKTH,CALLAWAY
PR096SP03HNITH,PROMARK
PR096SP01MHPTH,PROMARK
XX000SP03SO9TH,360FITNESS
FF154SP110ADTH,FIT2FIRM
FF154SP105ADTH,FIT2FIRM
TI123SP03HYLTH,TIGER
WI134SP796AETH,WILSON
WI134SP794AETH,WILSON
WI134SP03FESTH,WILSON
WI134SP03R8PTH,WILSON
AD001SH556ADTH,ADIDAS
WI134SP766ABTH,WILSON
YO136SP036FQTH,YONEX
MA073AC0167ATH,MAGNUM
YO136SP02RF1TH,YONEX
VI128SP036MMTH,VICTOR
VI128SP036N5TH,VICTOR
YO136SH03T64TH,YONEX
YO136SH03T65TH,YONEX
YO136SH03JJZTH,YONEX
AD001SP888ADTH,ADIDAS
AD001SP883ADTH,ADIDAS
AD001AP703ACTH,ADIDAS
AD001AC03ROITH,ADIDAS
AD001AC03ROLTH,ADIDAS
AD001AP714ACTH,ADIDAS
YO136SH03JK1TH,YONEX
TH122SH03TA9TH,THE NORTH FACE 
TH122SH03GEYTH,THE NORTH FACE 
TH122SH03GF0TH,THE NORTH FACE 
SA103SH03D1STH,SALOMON
DC026AC996ABTH,DC SHOES
DC026AC998ABTH,DC SHOES
DC026AC995ABTH,DC SHOES
DC026AC001ACTH,DC SHOES